rel,type,id,raw_path,raw_resolved,raw_on_disk
concepts\chuangku-nvpin-lecture-2026-04.md,concept,chuangku-nvpin-lecture-2026-04,raw\sources\必备资料11月28号创酷中文网女频现言讲课记录_8c363e.md,knowledge\novel-wiki\raw\sources\必备资料11月28号创酷中文网女频现言讲课记录_8c363e.md,True
concepts\hunlian-wen.md,concept,hunlian-wen,raw\sources\必备资料11月28号创酷中文网女频现言讲课记录_8c363e.md,knowledge\novel-wiki\raw\sources\必备资料11月28号创酷中文网女频现言讲课记录_8c363e.md,True
concepts\lingyi-wen.md,concept,lingyi-wen,raw\sources\必备资料11月28号创酷中文网女频现言讲课记录_8c363e.md,knowledge\novel-wiki\raw\sources\必备资料11月28号创酷中文网女频现言讲课记录_8c363e.md,True
concepts\nvpin-xianyan-genres.md,concept,nvpin-xianyan-genres,raw\sources\必备资料11月28号创酷中文网女频现言讲课记录_8c363e.md,knowledge\novel-wiki\raw\sources\必备资料11月28号创酷中文网女频现言讲课记录_8c363e.md,True
concepts\qi-dai-gan.md,concept,qi-dai-gan,raw\sources\必备资料22期待感让你的作品能够引人入胜1.md,knowledge\novel-wiki\raw\sources\必备资料22期待感让你的作品能够引人入胜1.md,True
concepts\qianqi-wen.md,concept,qianqi-wen,raw\sources\必备资料11月28号创酷中文网女频现言讲课记录_8c363e.md,knowledge\novel-wiki\raw\sources\必备资料11月28号创酷中文网女频现言讲课记录_8c363e.md,True
concepts\qing-jie-gou-jian-yu-chuang-zuo.md,concept,qing-jie-gou-jian-yu-chuang-zuo,raw\sources\必备资料20个签约条件新人必看2.md,knowledge\novel-wiki\raw\sources\必备资料20个签约条件新人必看2.md,True
concepts\wuxian-qudao.md,concept,wuxian-qudao,raw\sources\必备资料11月28号创酷中文网女频现言讲课记录_8c363e.md,knowledge\novel-wiki\raw\sources\必备资料11月28号创酷中文网女频现言讲课记录_8c363e.md,True
concepts\wuxian-wenxue-chuangzuo.md,concept,wuxian-wenxue-chuangzuo,raw\sources\必备资料11月28号创酷中文网女频现言讲课记录_8c363e.md,knowledge\novel-wiki\raw\sources\必备资料11月28号创酷中文网女频现言讲课记录_8c363e.md,True
concepts\xianxia-chuangzuo-yaodian.md,concept,xianxia-chuangzuo-yaodian,raw\sources\必备资料20仙侠类题材作品的创作要点及卖点.md,knowledge\novel-wiki\raw\sources\必备资料20仙侠类题材作品的创作要点及卖点.md,True
concepts\xianxia-xuanhuan-qubie.md,concept,xianxia-xuanhuan-qubie,raw\sources\必备资料20仙侠类题材作品的创作要点及卖点.md,knowledge\novel-wiki\raw\sources\必备资料20仙侠类题材作品的创作要点及卖点.md,True
concepts\xiao-nue-da-chong.md,concept,xiao-nue-da-chong,raw\sources\必备资料11月28号创酷中文网女频现言讲课记录_8c363e.md,knowledge\novel-wiki\raw\sources\必备资料11月28号创酷中文网女频现言讲课记录_8c363e.md,True
concepts\xiaoshuo-mubiao-sheji.md,concept,xiaoshuo-mubiao-sheji,raw\sources\必备资料20仙侠类题材作品的创作要点及卖点.md,knowledge\novel-wiki\raw\sources\必备资料20仙侠类题材作品的创作要点及卖点.md,True
concepts\zhu-jiao-ren-wu-shu-ding.md,concept,zhu-jiao-ren-wu-shu-ding,raw\sources\必备资料20个签约条件新人必看2.md,knowledge\novel-wiki\raw\sources\必备资料20个签约条件新人必看2.md,True
concepts\zongcai-wen.md,concept,zongcai-wen,raw\sources\必备资料11月28号创酷中文网女频现言讲课记录_8c363e.md,knowledge\novel-wiki\raw\sources\必备资料11月28号创酷中文网女频现言讲课记录_8c363e.md,True
entities\bei-jing-sheng-dong-fang-guo-xin-ke-ji-you-xian-gong-si.md,entity,bei-jing-sheng-dong-fang-guo-xin-ke-ji-you-xian-gong-si,raw\sources\必备资料20个签约条件新人必看2.md,knowledge\novel-wiki\raw\sources\必备资料20个签约条件新人必看2.md,True
entities\chuangku-zhongwenwang.md,entity,chuangku-zhongwenwang,raw\sources\必备资料11月28号创酷中文网女频现言讲课记录_8c363e.md,knowledge\novel-wiki\raw\sources\必备资料11月28号创酷中文网女频现言讲课记录_8c363e.md,True
entities\da-qing-jie.md,entity,da-qing-jie,raw\sources\必备资料20个签约条件新人必看2.md,knowledge\novel-wiki\raw\sources\必备资料20个签约条件新人必看2.md,True
entities\dou-po-dou-qi-da-lu.md,entity,dou-po-dou-qi-da-lu,raw\sources\必备资料20个签约条件新人必看2.md,knowledge\novel-wiki\raw\sources\必备资料20个签约条件新人必看2.md,True
entities\dushi-xianxia-liu.md,entity,dushi-xianxia-liu,raw\sources\必备资料20仙侠类题材作品的创作要点及卖点.md,knowledge\novel-wiki\raw\sources\必备资料20仙侠类题材作品的创作要点及卖点.md,True
entities\fo-ben-shi-dao.md,entity,fo-ben-shi-dao,raw\sources\必备资料20仙侠类题材作品的创作要点及卖点.md,knowledge\novel-wiki\raw\sources\必备资料20仙侠类题材作品的创作要点及卖点.md,True
entities\gao-chao-she-zhi.md,entity,gao-chao-she-zhi,raw\sources\必备资料20个签约条件新人必看2.md,knowledge\novel-wiki\raw\sources\必备资料20个签约条件新人必看2.md,True
entities\hailu-xianxia.md,entity,hailu-xianxia,raw\sources\必备资料20仙侠类题材作品的创作要点及卖点.md,knowledge\novel-wiki\raw\sources\必备资料20仙侠类题材作品的创作要点及卖点.md,True
entities\honghuang-fengshen-liu.md,entity,honghuang-fengshen-liu,raw\sources\必备资料20仙侠类题材作品的创作要点及卖点.md,knowledge\novel-wiki\raw\sources\必备资料20仙侠类题材作品的创作要点及卖点.md,True
entities\li-bai.md,entity,li-bai,raw\sources\必备资料20仙侠类题材作品的创作要点及卖点.md,knowledge\novel-wiki\raw\sources\必备资料20仙侠类题材作品的创作要点及卖点.md,True
entities\lishi-xianxia.md,entity,lishi-xianxia,raw\sources\必备资料20仙侠类题材作品的创作要点及卖点.md,knowledge\novel-wiki\raw\sources\必备资料20仙侠类题材作品的创作要点及卖点.md,True
entities\lv-dong-bin.md,entity,lv-dong-bin,raw\sources\必备资料20仙侠类题材作品的创作要点及卖点.md,knowledge\novel-wiki\raw\sources\必备资料20仙侠类题材作品的创作要点及卖点.md,True
entities\mao-dun-chong-tu.md,entity,mao-dun-chong-tu,raw\sources\必备资料20个签约条件新人必看2.md,knowledge\novel-wiki\raw\sources\必备资料20个签约条件新人必看2.md,True
entities\piao-miao-zhi-lu.md,entity,piao-miao-zhi-lu,raw\sources\必备资料20仙侠类题材作品的创作要点及卖点.md,knowledge\novel-wiki\raw\sources\必备资料20仙侠类题材作品的创作要点及卖点.md,True
entities\ru-dao.md,entity,ru-dao,raw\sources\必备资料11月28号创酷中文网女频现言讲课记录_8c363e.md,knowledge\novel-wiki\raw\sources\必备资料11月28号创酷中文网女频现言讲课记录_8c363e.md,True
entities\shouji-pi.md,entity,shouji-pi,raw\sources\必备资料20仙侠类题材作品的创作要点及卖点.md,knowledge\novel-wiki\raw\sources\必备资料20仙侠类题材作品的创作要点及卖点.md,True
entities\xianxia-xiaoshuo.md,entity,xianxia-xiaoshuo,raw\sources\必备资料20仙侠类题材作品的创作要点及卖点.md,knowledge\novel-wiki\raw\sources\必备资料20仙侠类题材作品的创作要点及卖点.md,True
entities\xingji-xunbao-liu.md,entity,xingji-xunbao-liu,raw\sources\必备资料20仙侠类题材作品的创作要点及卖点.md,knowledge\novel-wiki\raw\sources\必备资料20仙侠类题材作品的创作要点及卖点.md,True
entities\xuanhuan-xiaoshuo.md,entity,xuanhuan-xiaoshuo,raw\sources\必备资料20仙侠类题材作品的创作要点及卖点.md,knowledge\novel-wiki\raw\sources\必备资料20仙侠类题材作品的创作要点及卖点.md,True
entities\zhu-jiao-da-jiang-you.md,entity,zhu-jiao-da-jiang-you,raw\sources\必备资料20个签约条件新人必看2.md,knowledge\novel-wiki\raw\sources\必备资料20个签约条件新人必看2.md,True
entities\zhu-jiao-deng-chang-shi-ji.md,entity,zhu-jiao-deng-chang-shi-ji,raw\sources\必备资料20个签约条件新人必看2.md,knowledge\novel-wiki\raw\sources\必备资料20个签约条件新人必看2.md,True
index.md,,,,,False
log.md,,,,,False
sources\fei-shu-yun-wen-dang-qian-yue-tiao-jian.md,source,fei-shu-yun-wen-dang-qian-yue-tiao-jian,raw\sources\必备资料20个签约条件新人必看2.md,knowledge\novel-wiki\raw\sources\必备资料20个签约条件新人必看2.md,True
sources\必备资料11月28号创酷中文网女频现言讲课记录_8c363e-00cfc60b.md,source,必备资料11月28号创酷中文网女频现言讲课记录_8c363e-00cfc60b,raw\sources\必备资料11月28号创酷中文网女频现言讲课记录_8c363e.md,knowledge\novel-wiki\raw\sources\必备资料11月28号创酷中文网女频现言讲课记录_8c363e.md,True
sources\必备资料15顺眼谈文章的画面感-43c5df10.md,source,必备资料15顺眼谈文章的画面感-43c5df10,raw\sources\必备资料15顺眼谈文章的画面感.md,knowledge\novel-wiki\raw\sources\必备资料15顺眼谈文章的画面感.md,True
sources\必备资料20仙侠类题材作品的创作要点及卖点-d1f6f9dd.md,source,必备资料20仙侠类题材作品的创作要点及卖点-d1f6f9dd,raw\sources\必备资料20仙侠类题材作品的创作要点及卖点.md,knowledge\novel-wiki\raw\sources\必备资料20仙侠类题材作品的创作要点及卖点.md,True
sources\必备资料22期待感让你的作品能够引人入胜1-3deff6a3.md,source,必备资料22期待感让你的作品能够引人入胜1-3deff6a3,raw\sources\必备资料22期待感让你的作品能够引人入胜1.md,knowledge\novel-wiki\raw\sources\必备资料22期待感让你的作品能够引人入胜1.md,True
synthesis\wang-luo-xiao-shuo-qian-yue-zhi-nan.md,synthesis,wang-luo-xiao-shuo-qian-yue-zhi-nan,raw\sources\必备资料20个签约条件新人必看2.md,knowledge\novel-wiki\raw\sources\必备资料20个签约条件新人必看2.md,True
synthesis\xianxia-leixing-fenlei.md,synthesis,xianxia-leixing-fenlei,raw\sources\必备资料20仙侠类题材作品的创作要点及卖点.md,knowledge\novel-wiki\raw\sources\必备资料20仙侠类题材作品的创作要点及卖点.md,True
